<?xml version='1.0' encoding='UTF-8' standalone='yes' ?>
<PROJECT IID="1" BUILDPATH="" VERSION="814" TYPE="SOURCE" NAME="AT89C51" CONFIGURATION="Debug">
 <FILES ATTACH="1">
  <FILE ATTACH="1" GROUP="Source Files" NAME="AT89C51/main.c"/>
  <FILE ATTACH="1" GROUP="Firmware Files" NAME="AT89C51/Debug/Debug.OMF" FIRMWARE="1"/>
 </FILES>
 <CONFIGURATION CRC="349038a5e2f1737fbe2282ac87994a2c" TARGET="Debug" COMPILER="Keil for 8051" NAME="Debug">
  <CONTROLLER FAMILY="8051" TYPE="AT89C51"/>
  <FILE TOOL="LD" NAME="AT89C51/Debug/Debug.OMF">
   <FILE TOOL="CC" NAME="AT89C51/Debug/main.OBJ">
    <FILE NAME="AT89C51/main.c"/>
   </FILE>
  </FILE>
  <OPTION DEFAULT="1" TOOL="CC" NAME="ROM(" VALUE="SMALL)"/>
  <OPTION DEFAULT="1" TOOL="CC" NAME="BROWSE"/>
  <OPTION DEFAULT="1" TOOL="CC" NAME="DEBUG"/>
  <OPTION DEFAULT="1" TOOL="CC" NAME="CODE"/>
  <OPTION DEFAULT="1" TOOL="CC" NAME="OBJECTEXTEND"/>
  <OPTION DEFAULT="1" TOOL="CC" NAME="PREPRINT"/>
 </CONFIGURATION>
 <CONFIGURATION CRC="349038a5e2f1737fbe2282ac87994a2c" TARGET="Release" COMPILER="Keil for 8051" NAME="Release">
  <CONTROLLER FAMILY="8051" TYPE="AT89C51"/>
  <FILE TOOL="LD">
   <FILE TOOL="CC">
    <FILE NAME="AT89C51/main.c"/>
   </FILE>
  </FILE>
  <OPTION DEFAULT="1" TOOL="CC" NAME="ROM(" VALUE="SMALL)"/>
 </CONFIGURATION>
</PROJECT>
